Chemistry ID selection tool, rev=2.52		
		
Configuration used in present fit:		
ProcessingType=2		
NumCellSeries=4		
ElapsedTimeColumn=0		
VoltageColumn=1		
TemperatureColumn=2		
CurrentColumn=3		
		
Best chemical ID : 457	Best chemical ID max. deviation, % : 10.25	
		
		
		
Summary of all IDs with max. DOD deviation below 15%		
		
Chem ID	max DOD error, %	Max R deviation, ratio
457	10.25	0.16
414	13.25	0.43
6106	13.39	0.37
400	13.88	0.39
435	14.09	0.44
		
Max. deviations for best ID is within recommended range. Chosen best chemical ID is suitable for programming the gauge.		
		
		
Selection of best generic ID for ROM based devices like bq274xx		
		
		
Device / Family #1		
Generic Chem ID	Device/ Voltage/ Chemistry	max DOD error, %
312	bq27421-G1B: 4.3V LiCoO2	17.4
3142	bq27421-G1D: 4.4V LiCoO2	30.64
354	bq27411-G1C: 4.35V LiCoO2	30.65
128	bq27421-G1A: 4.2V LiCoO2	6067.4
Best generic ID 312		
Warning: Generic ID Deviation is so high that it is most likely due to anomaly in the data. Please check that data files have recomended format, units and test schedule		
		
		
Device / Family #2		
Generic Chem ID	Device/ Voltage/ Chemistry	max DOD error, %
1202	bq27621: (default) 4.2V LiCoO2	30.61
1210	bq27621:  (ALT_CHEM1) 4.3V LiCoO2	30.65
354	bq27621:  (ALT_CHEM2) 4.35V LiCoO2	30.65
Best generic ID 1202		
Warning: Generic ID Deviation is so high that it is most likely due to anomaly in the data. Please check that data files have recomended format, units and test schedule		
		
		
Device / Family #3		
Generic Chem ID	Device/ Voltage/ Chemistry	max DOD error, %
3230	bq27426: (default) 4.35V LiCoO2	27.69
1202	bq27426: (ALT_CHEM1) 4.2V LiCoO2	30.61
3142	bq27426: (ALT-CHEM2) 4.4V LiCoO2	30.64
Best generic ID 3230		
Warning: Generic ID Deviation is so high that it is most likely due to anomaly in the data. Please check that data files have recomended format, units and test schedule		
		
		
